{
  "name": "ca-certificates",
  "version": "2025.11.4",
  "build": "haa95532_0",
  "build_number": 0,
  "channel": "https://repo.anaconda.com/pkgs/main/noarch",
  "subdir": "win-64",
  "fn": "ca-certificates-2025.11.4-haa95532_0.conda",
  "md5": "4334b57f16e8db7cbb13362f35033757",
  "url": "https://repo.anaconda.com/pkgs/main/win-64/ca-certificates-2025.11.4-haa95532_0.conda",
  "sha256": "bd84dd7ae232de4abffdb1966fc8726ff34820cae17929c7b9f85bc6d0e6ac3a",
  "depends": [],
  "constrains": [],
  "license": "MPL-2.0",
  "timestamp": 1762269571000,
  "size": 131441,
  "requested_spec": "None",
  "package_tarball_full_path": "C:\\Users\\gabol\\miniconda3\\pkgs\\ca-certificates-2025.11.4-haa95532_0.conda",
  "extracted_package_dir": "C:\\Users\\gabol\\miniconda3\\pkgs\\ca-certificates-2025.11.4-haa95532_0",
  "files": [
    "Library/ssl/cacert.pem",
    "Library/ssl/cert.pem"
  ],
  "paths_data": {
    "paths_version": 1,
    "paths": [
      {
        "_path": "Library/ssl/cacert.pem",
        "path_type": "hardlink",
        "sha256": "8ac40bdd3d3e151a6b4078d2b2029796e8f843e3f86fbf2adbc4dd9f05e79def",
        "size_in_bytes": 230814,
        "sha256_in_prefix": "8ac40bdd3d3e151a6b4078d2b2029796e8f843e3f86fbf2adbc4dd9f05e79def"
      },
      {
        "_path": "Library/ssl/cert.pem",
        "path_type": "hardlink",
        "sha256": "8ac40bdd3d3e151a6b4078d2b2029796e8f843e3f86fbf2adbc4dd9f05e79def",
        "size_in_bytes": 230814,
        "sha256_in_prefix": "8ac40bdd3d3e151a6b4078d2b2029796e8f843e3f86fbf2adbc4dd9f05e79def"
      }
    ]
  },
  "link": {
    "source": "C:\\Users\\gabol\\miniconda3\\pkgs\\ca-certificates-2025.11.4-haa95532_0",
    "type": 1
  }
}