{
  "name": "expat",
  "version": "2.7.3",
  "build": "h9214b88_0",
  "build_number": 0,
  "channel": "https://repo.anaconda.com/pkgs/main/win-64",
  "subdir": "win-64",
  "fn": "expat-2.7.3-h9214b88_0.conda",
  "md5": "d5ea5838bd330f5b85ee7b4855ac864c",
  "url": "https://repo.anaconda.com/pkgs/main/win-64/expat-2.7.3-h9214b88_0.conda",
  "sha256": "9bdab313dadd2cf7192b43eed9a2e6679261b99ca98dc010035a87f906d7ec61",
  "depends": [
    "ucrt >=10.0.20348.0",
    "vc >=14.2,<15",
    "vc14_runtime >=14.29.30133"
  ],
  "constrains": [],
  "license": "MIT",
  "timestamp": 1762267638000,
  "size": 137030,
  "requested_spec": "None",
  "package_tarball_full_path": "C:\\Users\\gabol\\miniconda3\\pkgs\\expat-2.7.3-h9214b88_0.conda",
  "extracted_package_dir": "C:\\Users\\gabol\\miniconda3\\pkgs\\expat-2.7.3-h9214b88_0",
  "files": [
    "Library/bin/expat.dll",
    "Library/bin/libexpat.dll",
    "Library/bin/xmlwf.exe",
    "Library/include/expat.h",
    "Library/include/expat_config.h",
    "Library/include/expat_external.h",
    "Library/lib/cmake/expat-2.7.3/expat-config-version.cmake",
    "Library/lib/cmake/expat-2.7.3/expat-config.cmake",
    "Library/lib/cmake/expat-2.7.3/expat-release.cmake",
    "Library/lib/cmake/expat-2.7.3/expat.cmake",
    "Library/lib/expat.lib",
    "Library/lib/libexpat.lib",
    "Library/share/doc/expat/AUTHORS",
    "Library/share/doc/expat/changelog",
    "Library/share/man/man1/xmlwf.1"
  ],
  "paths_data": {
    "paths_version": 1,
    "paths": [
      {
        "_path": "Library/bin/expat.dll",
        "path_type": "hardlink",
        "sha256": "3b3e2064791c7f34eab94b797e0e34883926499ff37d445b9557664725742bbb",
        "size_in_bytes": 276296,
        "sha256_in_prefix": "3b3e2064791c7f34eab94b797e0e34883926499ff37d445b9557664725742bbb"
      },
      {
        "_path": "Library/bin/libexpat.dll",
        "path_type": "hardlink",
        "sha256": "a5b91d5fc59e6a2e0a6f4f4167bc1f873f00e522d6f8d3bc2e6c80183baf36ba",
        "size_in_bytes": 276296,
        "sha256_in_prefix": "a5b91d5fc59e6a2e0a6f4f4167bc1f873f00e522d6f8d3bc2e6c80183baf36ba"
      },
      {
        "_path": "Library/bin/xmlwf.exe",
        "path_type": "hardlink",
        "sha256": "3e83bb2e5df1c6dd5181edb954e9141ecb185baf0ffdac81f35fa901da159ba5",
        "size_in_bytes": 46920,
        "sha256_in_prefix": "3e83bb2e5df1c6dd5181edb954e9141ecb185baf0ffdac81f35fa901da159ba5"
      },
      {
        "_path": "Library/include/expat.h",
        "path_type": "hardlink",
        "sha256": "610b844bbfa3ec955772cc825db4d4db470827d57adcb214ad372d0eaf00e591",
        "size_in_bytes": 44733,
        "sha256_in_prefix": "610b844bbfa3ec955772cc825db4d4db470827d57adcb214ad372d0eaf00e591"
      },
      {
        "_path": "Library/include/expat_config.h",
        "path_type": "hardlink",
        "sha256": "fbb9bc543a6992d0ab4d10c8d191740dd8d5b5446e58368fde4319e4044811a2",
        "size_in_bytes": 3517,
        "sha256_in_prefix": "fbb9bc543a6992d0ab4d10c8d191740dd8d5b5446e58368fde4319e4044811a2"
      },
      {
        "_path": "Library/include/expat_external.h",
        "path_type": "hardlink",
        "sha256": "ffb960af48b80935f3856a16e87023524b104f7fc1e58104f01db88ba7bfbcc9",
        "size_in_bytes": 6178,
        "sha256_in_prefix": "ffb960af48b80935f3856a16e87023524b104f7fc1e58104f01db88ba7bfbcc9"
      },
      {
        "_path": "Library/lib/cmake/expat-2.7.3/expat-config-version.cmake",
        "path_type": "hardlink",
        "sha256": "0c645406af83bdcbe3c1ae02c3e079287369629e1cac08916f6db213e4b7c8fd",
        "size_in_bytes": 2827,
        "sha256_in_prefix": "0c645406af83bdcbe3c1ae02c3e079287369629e1cac08916f6db213e4b7c8fd"
      },
      {
        "_path": "Library/lib/cmake/expat-2.7.3/expat-config.cmake",
        "path_type": "hardlink",
        "sha256": "275dd795ba90ff99bb31fffd6c495c8037124ab1c80a0edef671d5b6ce02ef89",
        "size_in_bytes": 3736,
        "sha256_in_prefix": "275dd795ba90ff99bb31fffd6c495c8037124ab1c80a0edef671d5b6ce02ef89"
      },
      {
        "_path": "Library/lib/cmake/expat-2.7.3/expat-release.cmake",
        "path_type": "hardlink",
        "sha256": "da895f346e9e2047ea6e83323d21dd7b1ec607567cc0ba7284b053f6e12de165",
        "size_in_bytes": 904,
        "sha256_in_prefix": "da895f346e9e2047ea6e83323d21dd7b1ec607567cc0ba7284b053f6e12de165"
      },
      {
        "_path": "Library/lib/cmake/expat-2.7.3/expat.cmake",
        "path_type": "hardlink",
        "sha256": "1f9b1104f49cedfba1719016dd5afd5af349055205b9135552248df5099afd83",
        "size_in_bytes": 4206,
        "sha256_in_prefix": "1f9b1104f49cedfba1719016dd5afd5af349055205b9135552248df5099afd83"
      },
      {
        "_path": "Library/lib/expat.lib",
        "path_type": "hardlink",
        "sha256": "f4ed6562b4230cf64b864343975a954e91421e399a4efbed57f32510a932e331",
        "size_in_bytes": 18844,
        "sha256_in_prefix": "f4ed6562b4230cf64b864343975a954e91421e399a4efbed57f32510a932e331"
      },
      {
        "_path": "Library/lib/libexpat.lib",
        "path_type": "hardlink",
        "sha256": "f4ed6562b4230cf64b864343975a954e91421e399a4efbed57f32510a932e331",
        "size_in_bytes": 18844,
        "sha256_in_prefix": "f4ed6562b4230cf64b864343975a954e91421e399a4efbed57f32510a932e331"
      },
      {
        "_path": "Library/share/doc/expat/AUTHORS",
        "path_type": "hardlink",
        "sha256": "59f14371c6b75912cfebb46e6247ee5146766e803a0365b124e5d3011e7d0877",
        "size_in_bytes": 142,
        "sha256_in_prefix": "59f14371c6b75912cfebb46e6247ee5146766e803a0365b124e5d3011e7d0877"
      },
      {
        "_path": "Library/share/doc/expat/changelog",
        "path_type": "hardlink",
        "sha256": "7d6e9adf9b1832fd78d7cbabd3007e0aee9f5423fe1615cbdede02ac868018fd",
        "size_in_bytes": 91848,
        "sha256_in_prefix": "7d6e9adf9b1832fd78d7cbabd3007e0aee9f5423fe1615cbdede02ac868018fd"
      },
      {
        "_path": "Library/share/man/man1/xmlwf.1",
        "path_type": "hardlink",
        "sha256": "4b5ed7f205befa0c90078e7141081cec1c255eeca9e19a2f9e95f70e6d331e5f",
        "size_in_bytes": 11417,
        "sha256_in_prefix": "4b5ed7f205befa0c90078e7141081cec1c255eeca9e19a2f9e95f70e6d331e5f"
      }
    ]
  },
  "link": {
    "source": "C:\\Users\\gabol\\miniconda3\\pkgs\\expat-2.7.3-h9214b88_0",
    "type": 1
  }
}