{
  "name": "portaudio",
  "version": "19.6.0",
  "build": "h5da7b33_5",
  "build_number": 5,
  "channel": "https://repo.anaconda.com/pkgs/main/win-64",
  "subdir": "win-64",
  "fn": "portaudio-19.6.0-h5da7b33_5.conda",
  "md5": "9bac31b4279c0b21ea8962736816c4ba",
  "url": "https://repo.anaconda.com/pkgs/main/win-64/portaudio-19.6.0-h5da7b33_5.conda",
  "sha256": "f47d0748d5b6fea8a1ea5bf1706d211b3754b9c622fc16cad23192e132c12f8e",
  "depends": [
    "vc >=14.2,<15.0a0"
  ],
  "constrains": [],
  "license": "MIT",
  "timestamp": 1749110376000,
  "size": 238398,
  "requested_spec": "None",
  "package_tarball_full_path": "C:\\Users\\gabol\\miniconda3\\pkgs\\portaudio-19.6.0-h5da7b33_5.conda",
  "extracted_package_dir": "C:\\Users\\gabol\\miniconda3\\pkgs\\portaudio-19.6.0-h5da7b33_5",
  "files": [
    "Library/bin/portaudio.dll",
    "Library/include/pa_asio.h",
    "Library/include/pa_jack.h",
    "Library/include/pa_linux_alsa.h",
    "Library/include/pa_mac_core.h",
    "Library/include/pa_win_ds.h",
    "Library/include/pa_win_wasapi.h",
    "Library/include/pa_win_waveformat.h",
    "Library/include/pa_win_wdmks.h",
    "Library/include/pa_win_wmme.h",
    "Library/include/portaudio.h",
    "Library/lib/portaudio.lib",
    "Library/lib/portaudio_static.lib"
  ],
  "paths_data": {
    "paths_version": 1,
    "paths": [
      {
        "_path": "Library/bin/portaudio.dll",
        "path_type": "hardlink",
        "sha256": "0c6e6d42c2584476a0589e7125080d14b4e0048906f14ecd399225187e0ad685",
        "size_in_bytes": 246544,
        "sha256_in_prefix": "0c6e6d42c2584476a0589e7125080d14b4e0048906f14ecd399225187e0ad685"
      },
      {
        "_path": "Library/include/pa_asio.h",
        "path_type": "hardlink",
        "sha256": "9e5c38823645b3d795a3239ecb5a638be74c4ddd785cad0f23e3d0818f64c982",
        "size_in_bytes": 5705,
        "sha256_in_prefix": "9e5c38823645b3d795a3239ecb5a638be74c4ddd785cad0f23e3d0818f64c982"
      },
      {
        "_path": "Library/include/pa_jack.h",
        "path_type": "hardlink",
        "sha256": "4aac2a475627d32817c869b1ef9f714ee5890b9b84d131a62fad16c8b078dcf3",
        "size_in_bytes": 2805,
        "sha256_in_prefix": "4aac2a475627d32817c869b1ef9f714ee5890b9b84d131a62fad16c8b078dcf3"
      },
      {
        "_path": "Library/include/pa_linux_alsa.h",
        "path_type": "hardlink",
        "sha256": "f55a1154cdbdc669b551edaafa68da3246b9eb6dc7bb8f26a64976dd59cc82dc",
        "size_in_bytes": 3814,
        "sha256_in_prefix": "f55a1154cdbdc669b551edaafa68da3246b9eb6dc7bb8f26a64976dd59cc82dc"
      },
      {
        "_path": "Library/include/pa_mac_core.h",
        "path_type": "hardlink",
        "sha256": "bb33d5f0e11113c4927c8f2d208b034d13ef93c28c7b414c563d3597cc591b0c",
        "size_in_bytes": 7551,
        "sha256_in_prefix": "bb33d5f0e11113c4927c8f2d208b034d13ef93c28c7b414c563d3597cc591b0c"
      },
      {
        "_path": "Library/include/pa_win_ds.h",
        "path_type": "hardlink",
        "sha256": "7df9c21c9017b73c9110224f112fc52bfc8bf93672606098a3a0a2302f011b33",
        "size_in_bytes": 3422,
        "sha256_in_prefix": "7df9c21c9017b73c9110224f112fc52bfc8bf93672606098a3a0a2302f011b33"
      },
      {
        "_path": "Library/include/pa_win_wasapi.h",
        "path_type": "hardlink",
        "sha256": "f63dad9209f7c9bff965c94164527b9597b1ac49e5958bb2b21f89543c0d9f5b",
        "size_in_bytes": 16007,
        "sha256_in_prefix": "f63dad9209f7c9bff965c94164527b9597b1ac49e5958bb2b21f89543c0d9f5b"
      },
      {
        "_path": "Library/include/pa_win_waveformat.h",
        "path_type": "hardlink",
        "sha256": "079972899f43bd6693d06632071e25e0548ff4a42e24b10a0e471608fe5eb9f4",
        "size_in_bytes": 8838,
        "sha256_in_prefix": "079972899f43bd6693d06632071e25e0548ff4a42e24b10a0e471608fe5eb9f4"
      },
      {
        "_path": "Library/include/pa_win_wdmks.h",
        "path_type": "hardlink",
        "sha256": "729f709e703cd5b3fb2f024df92b1ff44c88cac0cd7d3c3535ce8a5ec169fcfb",
        "size_in_bytes": 4890,
        "sha256_in_prefix": "729f709e703cd5b3fb2f024df92b1ff44c88cac0cd7d3c3535ce8a5ec169fcfb"
      },
      {
        "_path": "Library/include/pa_win_wmme.h",
        "path_type": "hardlink",
        "sha256": "76c897b2f4447fa980a6ea959bc67ab5c702cf349ebce170b2754b849ad9cf89",
        "size_in_bytes": 6844,
        "sha256_in_prefix": "76c897b2f4447fa980a6ea959bc67ab5c702cf349ebce170b2754b849ad9cf89"
      },
      {
        "_path": "Library/include/portaudio.h",
        "path_type": "hardlink",
        "sha256": "f563f1eaf48bfa8e8f650b1e42c7f1e157c6a4db88564af5d88bc15a367f5d1d",
        "size_in_bytes": 47638,
        "sha256_in_prefix": "f563f1eaf48bfa8e8f650b1e42c7f1e157c6a4db88564af5d88bc15a367f5d1d"
      },
      {
        "_path": "Library/lib/portaudio.lib",
        "path_type": "hardlink",
        "sha256": "0ae8dd400b4992e7e823a6349a02574d8499511a245869576871f9fe83d1363d",
        "size_in_bytes": 9556,
        "sha256_in_prefix": "0ae8dd400b4992e7e823a6349a02574d8499511a245869576871f9fe83d1363d"
      },
      {
        "_path": "Library/lib/portaudio_static.lib",
        "path_type": "hardlink",
        "sha256": "b243528e1ece4f036374cc0b3ef6faea513b976ed777efcefa4509131d368d35",
        "size_in_bytes": 388324,
        "sha256_in_prefix": "b243528e1ece4f036374cc0b3ef6faea513b976ed777efcefa4509131d368d35"
      }
    ]
  },
  "link": {
    "source": "C:\\Users\\gabol\\miniconda3\\pkgs\\portaudio-19.6.0-h5da7b33_5",
    "type": 1
  }
}