{
  "name": "pyaudio",
  "version": "0.2.11",
  "build": "py310h2bbff1b_2",
  "build_number": 2,
  "channel": "https://repo.anaconda.com/pkgs/main/win-64",
  "subdir": "win-64",
  "fn": "pyaudio-0.2.11-py310h2bbff1b_2.conda",
  "md5": "1acf317d0eec3892f64f305af91da194",
  "url": "https://repo.anaconda.com/pkgs/main/win-64/pyaudio-0.2.11-py310h2bbff1b_2.conda",
  "sha256": "de2afa49109b4c4046e4e6edec4680b8aceb7da5ad62d1c999968b458e534c43",
  "depends": [
    "portaudio",
    "python >=3.10,<3.11.0a0",
    "vc >=14.1,<15.0a0",
    "vs2015_runtime >=14.16.27012,<15.0a0"
  ],
  "constrains": [],
  "license": "MIT",
  "timestamp": 1644053078000,
  "size": 32118,
  "requested_spec": "pyaudio",
  "package_tarball_full_path": "C:\\Users\\gabol\\miniconda3\\pkgs\\pyaudio-0.2.11-py310h2bbff1b_2.conda",
  "extracted_package_dir": "C:\\Users\\gabol\\miniconda3\\pkgs\\pyaudio-0.2.11-py310h2bbff1b_2",
  "files": [
    "Lib/site-packages/PyAudio-0.2.11-py3.10.egg-info",
    "Lib/site-packages/__pycache__/pyaudio.cpython-310.pyc",
    "Lib/site-packages/_portaudio.cp310-win_amd64.pyd",
    "Lib/site-packages/pyaudio.py"
  ],
  "paths_data": {
    "paths_version": 1,
    "paths": [
      {
        "_path": "Lib/site-packages/PyAudio-0.2.11-py3.10.egg-info",
        "path_type": "hardlink",
        "sha256": "4a6c4ff348dac2792e7ee2a35c2e50ebdef2f97f01f270ee02ecca8e40230dc4",
        "size_in_bytes": 1572,
        "sha256_in_prefix": "4a6c4ff348dac2792e7ee2a35c2e50ebdef2f97f01f270ee02ecca8e40230dc4"
      },
      {
        "_path": "Lib/site-packages/__pycache__/pyaudio.cpython-310.pyc",
        "path_type": "hardlink",
        "sha256": "bd15945e43574899a40ddb58b685e0507a6c82523314b48f185749624d984b0b",
        "size_in_bytes": 30411,
        "sha256_in_prefix": "bd15945e43574899a40ddb58b685e0507a6c82523314b48f185749624d984b0b"
      },
      {
        "_path": "Lib/site-packages/_portaudio.cp310-win_amd64.pyd",
        "path_type": "hardlink",
        "sha256": "d32adf1975bef815a5fbc3518710b93e14b1ad6739639d40008e0575d50375a5",
        "size_in_bytes": 35840,
        "sha256_in_prefix": "d32adf1975bef815a5fbc3518710b93e14b1ad6739639d40008e0575d50375a5"
      },
      {
        "_path": "Lib/site-packages/pyaudio.py",
        "path_type": "hardlink",
        "sha256": "aa34f82b3c548780cee3962f0d5d11a7ca0c86944340443b52f9ae3445380121",
        "size_in_bytes": 38498,
        "sha256_in_prefix": "aa34f82b3c548780cee3962f0d5d11a7ca0c86944340443b52f9ae3445380121"
      }
    ]
  },
  "link": {
    "source": "C:\\Users\\gabol\\miniconda3\\pkgs\\pyaudio-0.2.11-py310h2bbff1b_2",
    "type": 1
  }
}