{
  "name": "vc",
  "version": "14.3",
  "build": "h2df5915_10",
  "build_number": 10,
  "channel": "https://repo.anaconda.com/pkgs/main/noarch",
  "subdir": "win-64",
  "fn": "vc-14.3-h2df5915_10.conda",
  "md5": "064c529f6f598fb2225446f76687a170",
  "url": "https://repo.anaconda.com/pkgs/main/win-64/vc-14.3-h2df5915_10.conda",
  "sha256": "d427b27e553a5caa78284a995ff9c3720b0f213a0e650fe9d3b54b4b4a65f241",
  "depends": [
    "vc14_runtime >=14.42.34433"
  ],
  "constrains": [],
  "license": "BSD-3-Clause",
  "timestamp": 1752199946000,
  "size": 19506,
  "requested_spec": "None",
  "package_tarball_full_path": "C:\\Users\\gabol\\miniconda3\\pkgs\\vc-14.3-h2df5915_10.conda",
  "extracted_package_dir": "C:\\Users\\gabol\\miniconda3\\pkgs\\vc-14.3-h2df5915_10",
  "files": [],
  "paths_data": {
    "paths_version": 1,
    "paths": []
  },
  "link": {
    "source": "C:\\Users\\gabol\\miniconda3\\pkgs\\vc-14.3-h2df5915_10",
    "type": 1
  }
}