{
  "name": "zlib",
  "version": "1.3.1",
  "build": "h02ab6af_0",
  "build_number": 0,
  "channel": "https://repo.anaconda.com/pkgs/main/noarch",
  "subdir": "win-64",
  "fn": "zlib-1.3.1-h02ab6af_0.conda",
  "md5": "4db9b3fbefe915ffb9eef8c812a98c6a",
  "url": "https://repo.anaconda.com/pkgs/main/win-64/zlib-1.3.1-h02ab6af_0.conda",
  "sha256": "116120d38011eea43cbeeb70e00b0eaa3b1c0a3f470df09aadb0d0b66aebbf60",
  "depends": [
    "libzlib 1.3.1 h02ab6af_0",
    "ucrt >=10.0.20348.0",
    "vc >=14.2,<15",
    "vc14_runtime >=14.29.30133"
  ],
  "constrains": [],
  "license": "Zlib",
  "timestamp": 1756476083000,
  "size": 115567,
  "requested_spec": "None",
  "package_tarball_full_path": "C:\\Users\\gabol\\miniconda3\\pkgs\\zlib-1.3.1-h02ab6af_0.conda",
  "extracted_package_dir": "C:\\Users\\gabol\\miniconda3\\pkgs\\zlib-1.3.1-h02ab6af_0",
  "files": [
    "Library/include/zconf.h",
    "Library/include/zlib.h",
    "Library/lib/pkgconfig/zlib.pc",
    "Library/lib/z.lib",
    "Library/lib/zdll.lib",
    "Library/lib/zlib.lib",
    "Library/lib/zlibstatic.lib",
    "Library/share/man/man3/zlib.3"
  ],
  "paths_data": {
    "paths_version": 1,
    "paths": [
      {
        "_path": "Library/include/zconf.h",
        "path_type": "hardlink",
        "sha256": "b4962930aabbbc4b54a67220b4b3ed2cae69a13688c06a564bda1bc7429d2ab2",
        "size_in_bytes": 17096,
        "sha256_in_prefix": "b4962930aabbbc4b54a67220b4b3ed2cae69a13688c06a564bda1bc7429d2ab2"
      },
      {
        "_path": "Library/include/zlib.h",
        "path_type": "hardlink",
        "sha256": "8a5579af72ea4f427ff00a4150f0ccb3fc5c1e4379f726e101133b1ab9fc600c",
        "size_in_bytes": 96829,
        "sha256_in_prefix": "8a5579af72ea4f427ff00a4150f0ccb3fc5c1e4379f726e101133b1ab9fc600c"
      },
      {
        "_path": "Library/lib/pkgconfig/zlib.pc",
        "prefix_placeholder": "C:/b/abs_32dad41tdx/croot/zlib-split_1756475910568/_h_env",
        "file_mode": "text",
        "path_type": "hardlink",
        "sha256": "46a874f3d6e4da9ccff384c6e1cdfd2d602633a7edf4cbc2fa66154458f153c8",
        "size_in_bytes": 549,
        "sha256_in_prefix": "3c503e36b39bc7d72755ba539c47b536c217f0ce47c426613a8924ce0359ece9"
      },
      {
        "_path": "Library/lib/z.lib",
        "path_type": "hardlink",
        "sha256": "c790b670b5a6c01ab257c4e663b0404c359b62beaaf8469f39acbc78e0b803a1",
        "size_in_bytes": 16638,
        "sha256_in_prefix": "c790b670b5a6c01ab257c4e663b0404c359b62beaaf8469f39acbc78e0b803a1"
      },
      {
        "_path": "Library/lib/zdll.lib",
        "path_type": "hardlink",
        "sha256": "c790b670b5a6c01ab257c4e663b0404c359b62beaaf8469f39acbc78e0b803a1",
        "size_in_bytes": 16638,
        "sha256_in_prefix": "c790b670b5a6c01ab257c4e663b0404c359b62beaaf8469f39acbc78e0b803a1"
      },
      {
        "_path": "Library/lib/zlib.lib",
        "path_type": "hardlink",
        "sha256": "c790b670b5a6c01ab257c4e663b0404c359b62beaaf8469f39acbc78e0b803a1",
        "size_in_bytes": 16638,
        "sha256_in_prefix": "c790b670b5a6c01ab257c4e663b0404c359b62beaaf8469f39acbc78e0b803a1"
      },
      {
        "_path": "Library/lib/zlibstatic.lib",
        "path_type": "hardlink",
        "sha256": "80c5781a90462ace21ed33e84caba828815bc9b3dba045050e1d909317b78695",
        "size_in_bytes": 189354,
        "sha256_in_prefix": "80c5781a90462ace21ed33e84caba828815bc9b3dba045050e1d909317b78695"
      },
      {
        "_path": "Library/share/man/man3/zlib.3",
        "path_type": "hardlink",
        "sha256": "5aadb3f129c4c7e29f28bb6c5954dea061df3046d0fe3e134aff2ef4a217b1d6",
        "size_in_bytes": 4476,
        "sha256_in_prefix": "5aadb3f129c4c7e29f28bb6c5954dea061df3046d0fe3e134aff2ef4a217b1d6"
      }
    ]
  },
  "link": {
    "source": "C:\\Users\\gabol\\miniconda3\\pkgs\\zlib-1.3.1-h02ab6af_0",
    "type": 1
  }
}